Name,Username
"lise
@liselbrt",@liselbrt
"Henrietta
@Henrietta__1780",@Henrietta__1780
"Corie
@coriestpreux",@coriestpreux
": Kxmel
@Kxmel",@Kxmel
"ismail.ckr
@Ismaa_ckr",@Ismaa_ckr
"DogeL4unch To the Moon Liftoff !
@DogeL4unch",@DogeL4unch
"—Å–ΩŒ±ŒπÃà–ºŒ±
@ChaimaKld",@ChaimaKld
".
@hfshfs_212",@hfshfs_212
"adam
@adamtdf12",@adamtdf12
"Darija
@DarijaApp",@DarijaApp
@Ratsmoki,@Ratsmoki
"Chourouk
@ChouroukHassani",@ChouroukHassani
"ysf
@youss91212",@youss91212
"le ma√Ætre des lieux
@Onix84107343",@Onix84107343
"Lhssn
@Lhssn29131082",@Lhssn29131082
"alba
@albtard1",@albtard1
"b2ss
@bssma741",@bssma741
"Aaliyah
@aaliyah_59",@aaliyah_59
"Syvianos GB
@syvianos",@syvianos
"@canal+ rends moi mon argent
@aasclee",@aasclee
"C
@claa_qlf",@claa_qlf
"AYEN
@AymenKruger",@AymenKruger
"Sirine
@sirine_mrcn1",@sirine_mrcn1
"ÿµŸÑÿßÿ≠íâ≠
@Jskjww",@Jskjww
"an‚Äôa
@_a_ais",@_a_ais
@wksn78,@wksn78
"A√Øssam
@Aiissam_",@Aiissam_
".
@sasacmoi",@sasacmoi
"peww
@fnfiz",@fnfiz
"Hassane snow
@petitprinceian",@petitprinceian
"ayoubeddafri
@ayoubeddafri",@ayoubeddafri
"brams
@brams0max",@brams0max
"Sarah‚Äô
@sarahzndi",@sarahzndi
"Zina
@zina_bk5",@zina_bk5
"Mel‚Äô
@melissa_57600",@melissa_57600
"Mehdi
@MehdiAristote",@MehdiAristote
"«ùo◊ü…•…î
@criencchlo",@criencchlo
"‚µ£
@h_bnch2",@h_bnch2
"S.E ‚µ£
@amlas_esalma",@amlas_esalma
"Ashley
@HbtAshley",@HbtAshley
"Rajah
@MonkeyDH_",@MonkeyDH_
